{
    "cosine": [
        0.48349377841522817,
        0.4740277631124592,
        0.0,
        0.8528853089992701,
        0.0,
        0.0,
        0.650087518740631,
        0.5131876340706182,
        0.0,
        0.720042895154557,
        0.4819721206181003,
        0.30550504633038933,
        0.0,
        0.9234932548682531,
        0.8020572147406716,
        0.5384615384615385,
        0.8116412559294566,
        0.7746270021637529,
        0.6875936133928602,
        0.6038810848771177,
        0.4529502476138095,
        0.8561170049453899,
        0.6451791670811047,
        0.8835412617927487,
        0.7277788658631111,
        0.0,
        0.3897418814769785
    ],
    "pearson": [
        0.0,
        0.48150587683565993,
        0,
        0.8197494340340683,
        0,
        0,
        0.7994660887335313,
        0.27943502209794285,
        0,
        0.6902332862073013,
        0.8946025936262352,
        0.6147078669352809,
        0,
        0.9429142943334037,
        0.6028457628218408,
        0.5,
        0.7743987851327632,
        0.8935351743546255,
        0.5873487468267247,
        0.5,
        0.30787538424884725,
        0.7390457218668787,
        0.5,
        0.5,
        0.7456166527476341,
        0,
        0.5
    ],
    "manhattan": [
        1.214285714285714,
        1.1001642036124795,
        0.9999999999999998,
        0.6236363636363637,
        0.9999999999999999,
        0.9999999999999998,
        0.9574912891986065,
        1.002469135802469,
        1.0,
        0.8021390374331551,
        1.2432432432432432,
        1.3666666666666667,
        1.0,
        0.5027388922702373,
        0.6673286991062561,
        1.2222222222222223,
        0.6258064516129032,
        0.8195488721804511,
        0.917736896910795,
        1.1066666666666667,
        1.3008403361344538,
        0.544891640866873,
        1.0714285714285714,
        0.5333333333333333,
        0.9669669669669667,
        1.0,
        1.3684210526315788
    ]
}